Name,Phone_Number,SSN,Username,Account_number,Account_Type,Loan_amount,Down_payment_in_USD,Down_payment_in_EUR,Loan_status,Logs
,,,,,,,,,,
"Tani ",6383992,22325,tani_123,,CHECKING,"$10,000",$0.00,€0.00,," useraccount can not be created
useraccount can not be created
useraccount can not be created"
Jayesh verma,329989,9373,jayesh_v,14454,CHECKING,"$10,000",$80.00,€68.61,Denied," user account-- jayesh_vcreated  CHECKING selected
account opened successfully having account number14454

loan has status--Denied

User logged out SuccessfullyBrowser closed

User logged out SuccessfullyBrowser closed"
Raj singh,8298623,39273,raj123,14898,SAVINGS,"$10,000",$160.00,€137.22,Denied," user account-- raj123created  SAVINGS selected
account opened successfully having account number14898

loan has status--Denied

User logged out SuccessfullyBrowser closed

User logged out SuccessfullyBrowser closed"
