,,,,,,,,,,
joseph fernandes,6389358,123-456-7,Joseph_123,13899,SAVINGS,"$10,000",$100.00,€85.76,," 
----User account for  Joseph_123created
  -----Account TypeSAVINGS  selected 
Account opened successfully for account number -13899

-----loan has status 

-----User logged out Successfully"
Austin dsouja,6389580,123-456-77,Austin_123,14121,CHECKING,"$10,000",$120.00,€102.91,Denied," 
----User account for  Austin_123created
  -----Account TypeCHECKING  selected 
Account opened successfully for account number -14121

-----loan has status Denied

-----User logged out Successfully"
"Manvi ",6289358,123-456-7,Manvi_123,14121,SAVINGS,"$10,000",$120.00,€102.91,Denied," 

-----Useraccount can not be created

-----Useraccount can not be created"
Priyanka fernandes,6389368,123-45-7,Priyanka_123,14343,SAVINGS,"$10,000",$100.00,€85.76,Denied," 
----User account for  Priyanka_123created
  -----Account TypeSAVINGS  selected 
Account opened successfully for account number -14343

-----loan has status Denied

-----User logged out Successfully"
